# (iteration number), T (elapsed seconds), Ltr (training 1-step loss), Lge3 (test/generalization rollout loss for 3-mass strings), Lge10 (test/generalization rollout loss for 10-mass strings)
# 00019, T 21.9, Ltr 6.9066, Lge3 1.2580, Lge10 13.7952
# 00038, T 41.5, Ltr 4.6951, Lge3 2.0416, Lge10 13.2268
# 00060, T 61.5, Ltr 0.5755, Lge3 2.3050, Lge10 16.5007
# 00082, T 81.7, Ltr 3.9365, Lge3 2.3370, Lge10 16.0843
# 00104, T 101.9, Ltr 4.1647, Lge3 2.3421, Lge10 12.3008
# 00126, T 122.0, Ltr 3.8260, Lge3 1.7015, Lge10 6.2403
# 00148, T 142.1, Ltr 3.8488, Lge3 1.4488, Lge10 9.1469
# 00170, T 162.1, Ltr 3.1012, Lge3 1.5434, Lge10 5.8561
# 00192, T 182.4, Ltr 1.5673, Lge3 1.4591, Lge10 9.9511
# 00214, T 202.7, Ltr 2.8613, Lge3 1.7886, Lge10 8.6644
# 00236, T 222.9, Ltr 0.5419, Lge3 1.1395, Lge10 17.6669
# 00258, T 243.0, Ltr 3.3168, Lge3 1.1372, Lge10 7.3157
# 00280, T 263.3, Ltr 2.6082, Lge3 1.5573, Lge10 10.0292
# 00302, T 284.1, Ltr 2.7127, Lge3 1.8082, Lge10 8.2643
# 00324, T 304.3, Ltr 2.0746, Lge3 1.5913, Lge10 5.7716
# 00346, T 324.7, Ltr 1.5268, Lge3 1.4217, Lge10 8.2872
# 00368, T 345.2, Ltr 2.8243, Lge3 1.6315, Lge10 13.1071
# 00390, T 365.4, Ltr 0.0901, Lge3 1.7739, Lge10 7.2922
# 00412, T 385.6, Ltr 1.3447, Lge3 1.4373, Lge10 6.0181
# 00433, T 406.3, Ltr 2.0478, Lge3 1.0982, Lge10 4.6899
# 00455, T 426.5, Ltr 2.1900, Lge3 1.7838, Lge10 19.2097
# 00474, T 447.3, Ltr 1.8409, Lge3 1.6748, Lge10 8.9100
# 00495, T 468.0, Ltr 1.8058, Lge3 1.2745, Lge10 9.8504
# 00517, T 488.6, Ltr 2.4398, Lge3 1.0485, Lge10 15.6114
# 00538, T 509.8, Ltr 1.2406, Lge3 1.0815, Lge10 6.1710
# 00554, T 529.6, Ltr 1.5450, Lge3 1.1685, Lge10 8.6703
# 00570, T 549.6, Ltr 1.3330, Lge3 1.0180, Lge10 13.6825
# 00592, T 570.0, Ltr 0.0995, Lge3 1.4526, Lge10 10.5426
# 00612, T 590.2, Ltr 1.9169, Lge3 0.9908, Lge10 9.0742
# 00634, T 610.7, Ltr 1.9489, Lge3 0.9628, Lge10 6.2312
# 00656, T 631.2, Ltr 1.3774, Lge3 1.0986, Lge10 8.4915
# 00676, T 651.6, Ltr 1.4382, Lge3 1.1978, Lge10 15.7890
# 00698, T 672.3, Ltr 2.3023, Lge3 1.0532, Lge10 6.7737
# 00720, T 693.0, Ltr 1.3648, Lge3 1.0426, Lge10 17.1077
# 00742, T 713.6, Ltr 1.9110, Lge3 0.9591, Lge10 8.2068
# 00764, T 734.2, Ltr 0.0521, Lge3 0.9512, Lge10 9.7021
# 00785, T 754.8, Ltr 2.0429, Lge3 1.0511, Lge10 15.4404
# 00806, T 774.9, Ltr 1.9697, Lge3 1.0199, Lge10 5.9867
# 00827, T 795.1, Ltr 0.1516, Lge3 0.9356, Lge10 9.2991
# 00849, T 815.2, Ltr 0.0513, Lge3 0.9801, Lge10 15.4458
# 00870, T 835.8, Ltr 1.4422, Lge3 0.9747, Lge10 8.3431
# 00892, T 856.0, Ltr 1.6104, Lge3 0.9662, Lge10 4.8300
# 00914, T 876.1, Ltr 1.4945, Lge3 0.9622, Lge10 6.9425
# 00936, T 896.5, Ltr 1.6795, Lge3 0.9746, Lge10 7.3379
# 00958, T 917.2, Ltr 0.9931, Lge3 0.9883, Lge10 6.1849
# 00980, T 937.9, Ltr 1.2396, Lge3 0.9603, Lge10 8.9339
# 01002, T 958.0, Ltr 0.2651, Lge3 1.0371, Lge10 20.5203
# 01024, T 978.2, Ltr 0.0651, Lge3 1.0014, Lge10 12.5208
# 01046, T 998.6, Ltr 1.5690, Lge3 0.9594, Lge10 5.7329
# 01068, T 1018.8, Ltr 1.0229, Lge3 0.9264, Lge10 8.1203
# 01090, T 1039.1, Ltr 1.8016, Lge3 0.9794, Lge10 8.2420
# 01112, T 1059.2, Ltr 1.1324, Lge3 0.9852, Lge10 11.6549
# 01134, T 1079.8, Ltr 1.1822, Lge3 0.9257, Lge10 9.7224
# 01156, T 1099.9, Ltr 1.1758, Lge3 0.9904, Lge10 7.3093
# 01178, T 1120.2, Ltr 1.2592, Lge3 0.9569, Lge10 8.1536
# 01200, T 1140.9, Ltr 1.2474, Lge3 0.9123, Lge10 23.9302
# 01222, T 1161.1, Ltr 0.0436, Lge3 0.9698, Lge10 15.3243
# 01244, T 1181.4, Ltr 1.6352, Lge3 0.9004, Lge10 5.8209
# 01266, T 1202.3, Ltr 1.7174, Lge3 0.9179, Lge10 9.0514
# 01287, T 1221.9, Ltr 1.4167, Lge3 0.9270, Lge10 7.4716
# 01309, T 1242.0, Ltr 1.2244, Lge3 0.9121, Lge10 13.7164
# 01331, T 1262.0, Ltr 1.1493, Lge3 0.9173, Lge10 9.8105
# 01353, T 1282.1, Ltr 0.9793, Lge3 0.9431, Lge10 11.5266
# 01375, T 1302.4, Ltr 0.0618, Lge3 0.9046, Lge10 7.7815
# 01397, T 1323.2, Ltr 0.8646, Lge3 0.9188, Lge10 17.8582
# 01419, T 1343.3, Ltr 1.2036, Lge3 0.8987, Lge10 13.7112
# 01441, T 1363.4, Ltr 1.6122, Lge3 0.8732, Lge10 7.7160
# 01463, T 1383.7, Ltr 1.7281, Lge3 0.8612, Lge10 13.5251
# 01485, T 1403.9, Ltr 1.1468, Lge3 0.8632, Lge10 7.9555
# 01507, T 1424.1, Ltr 1.7468, Lge3 0.8812, Lge10 6.8730
# 01527, T 1444.3, Ltr 1.6023, Lge3 0.8696, Lge10 9.3808
# 01545, T 1464.6, Ltr 1.0614, Lge3 0.8597, Lge10 8.0002
# 01563, T 1485.5, Ltr 1.0804, Lge3 0.8714, Lge10 11.9861
# 01585, T 1506.3, Ltr 0.9880, Lge3 0.8890, Lge10 14.7153
# 01607, T 1526.5, Ltr 0.1271, Lge3 0.8773, Lge10 23.7194
# 01629, T 1546.7, Ltr 0.9142, Lge3 0.9788, Lge10 11.8921
# 01649, T 1566.8, Ltr 1.6498, Lge3 1.0158, Lge10 9.0019
# 01671, T 1587.1, Ltr 1.6106, Lge3 0.8664, Lge10 7.9363
# 01693, T 1607.5, Ltr 0.9529, Lge3 0.8500, Lge10 7.4791
# 01715, T 1627.6, Ltr 0.9840, Lge3 0.8543, Lge10 13.7182
# 01737, T 1647.7, Ltr 1.1441, Lge3 0.8738, Lge10 6.6706
# 01759, T 1667.9, Ltr 0.9951, Lge3 0.8828, Lge10 8.2500
# 01781, T 1688.2, Ltr 0.9428, Lge3 0.9153, Lge10 14.4951
# 01804, T 1709.4, Ltr 1.4778, Lge3 0.8955, Lge10 7.3088
# 01826, T 1729.6, Ltr 0.0575, Lge3 0.9091, Lge10 11.2942
# 01848, T 1749.9, Ltr 0.8740, Lge3 0.8516, Lge10 10.8930
# 01870, T 1769.9, Ltr 1.8589, Lge3 0.8774, Lge10 9.3101
# 01892, T 1790.7, Ltr 0.1222, Lge3 0.8530, Lge10 8.1515
# 01914, T 1810.9, Ltr 0.7932, Lge3 0.8729, Lge10 8.9403
# 01932, T 1831.2, Ltr 1.6177, Lge3 0.8310, Lge10 9.4105
# 01947, T 1851.7, Ltr 0.0466, Lge3 0.8534, Lge10 10.5940
# 01965, T 1872.0, Ltr 0.8181, Lge3 0.8675, Lge10 10.6083
# 01983, T 1893.4, Ltr 1.4192, Lge3 0.8852, Lge10 11.9040
# 02003, T 1913.6, Ltr 1.1935, Lge3 0.8584, Lge10 9.8042
# 02022, T 1933.8, Ltr 0.1814, Lge3 0.8096, Lge10 15.1916
# 02042, T 1954.1, Ltr 0.8604, Lge3 0.9095, Lge10 5.8691
# 02063, T 1974.7, Ltr 1.0693, Lge3 0.8440, Lge10 9.4738
# 02084, T 1995.7, Ltr 0.5430, Lge3 0.8503, Lge10 14.9055
# 02105, T 2016.3, Ltr 0.3053, Lge3 0.8699, Lge10 11.1217
# 02126, T 2037.1, Ltr 1.5240, Lge3 0.8364, Lge10 5.9689
# 02146, T 2057.4, Ltr 0.1061, Lge3 0.8524, Lge10 17.6466
# 02165, T 2078.6, Ltr 0.4681, Lge3 0.8663, Lge10 18.0436
# 02183, T 2099.6, Ltr 0.7565, Lge3 0.8414, Lge10 7.5821
# 02201, T 2119.5, Ltr 0.1537, Lge3 0.8867, Lge10 10.5917
# 02221, T 2139.4, Ltr 1.5867, Lge3 0.8669, Lge10 21.2163
# 02242, T 2159.7, Ltr 0.4640, Lge3 0.9150, Lge10 17.2112
# 02263, T 2181.3, Ltr 0.9162, Lge3 0.8843, Lge10 22.1295
# 02283, T 2201.4, Ltr 0.8939, Lge3 0.8810, Lge10 8.1697
# 02303, T 2222.6, Ltr 0.8151, Lge3 0.8538, Lge10 5.7573
# 02322, T 2243.0, Ltr 0.7590, Lge3 0.8554, Lge10 9.9800
# 02342, T 2263.0, Ltr 0.8923, Lge3 0.8942, Lge10 12.5822
# 02363, T 2284.0, Ltr 0.4591, Lge3 0.8697, Lge10 8.2783
# 02384, T 2304.3, Ltr 1.0953, Lge3 0.8745, Lge10 8.2060
# 02402, T 2324.6, Ltr 0.1099, Lge3 0.8736, Lge10 7.8056
# 02422, T 2344.4, Ltr 1.2952, Lge3 0.8580, Lge10 5.9829
# 02444, T 2364.9, Ltr 1.6190, Lge3 0.8949, Lge10 13.3654
# 02466, T 2385.5, Ltr 1.0230, Lge3 0.8853, Lge10 12.1023
# 02487, T 2405.7, Ltr 0.1029, Lge3 1.1921, Lge10 6.5723
# 02509, T 2426.1, Ltr 0.7786, Lge3 0.9306, Lge10 15.2410
# 02531, T 2446.7, Ltr 1.1229, Lge3 0.8673, Lge10 6.7291
# 02553, T 2467.0, Ltr 0.7437, Lge3 0.8700, Lge10 15.9405
# 02575, T 2487.6, Ltr 1.2178, Lge3 0.8242, Lge10 8.5251
# 02597, T 2508.2, Ltr 1.5544, Lge3 0.8507, Lge10 7.0273
# 02619, T 2528.8, Ltr 1.4699, Lge3 0.7618, Lge10 12.5702
# 02641, T 2549.1, Ltr 1.5626, Lge3 0.8748, Lge10 10.2330
# 02663, T 2569.2, Ltr 0.6544, Lge3 0.8482, Lge10 9.5270
# 02685, T 2589.3, Ltr 1.6493, Lge3 0.8886, Lge10 13.5278
# 02707, T 2609.7, Ltr 0.8188, Lge3 0.8507, Lge10 18.2379
# 02729, T 2630.0, Ltr 0.8576, Lge3 0.9107, Lge10 15.0493
# 02751, T 2650.2, Ltr 0.6658, Lge3 0.7984, Lge10 9.5419
# 02772, T 2670.6, Ltr 0.0632, Lge3 0.8734, Lge10 10.4442
# 02794, T 2690.8, Ltr 1.5003, Lge3 0.8411, Lge10 6.5564
# 02816, T 2711.0, Ltr 0.7948, Lge3 0.8417, Lge10 5.8612
# 02838, T 2731.8, Ltr 0.8769, Lge3 0.8985, Lge10 10.5253
# 02860, T 2752.1, Ltr 1.2298, Lge3 0.8455, Lge10 6.8553
# 02881, T 2772.1, Ltr 0.1284, Lge3 0.8578, Lge10 10.6127
# 02903, T 2792.4, Ltr 0.6765, Lge3 0.8592, Lge10 16.5276
# 02925, T 2812.5, Ltr 1.4360, Lge3 0.8912, Lge10 11.4224
# 02947, T 2832.9, Ltr 0.7275, Lge3 0.8776, Lge10 10.4066
# 02969, T 2853.1, Ltr 0.6267, Lge3 0.8678, Lge10 7.6107
# 02989, T 2873.6, Ltr 0.8100, Lge3 0.8720, Lge10 7.0724
# 03011, T 2894.1, Ltr 1.5191, Lge3 0.9311, Lge10 11.6126
# 03033, T 2914.1, Ltr 0.9486, Lge3 0.9196, Lge10 14.1293
# 03052, T 2934.3, Ltr 1.3135, Lge3 0.8689, Lge10 5.2985
# 03074, T 2954.5, Ltr 0.5703, Lge3 0.9050, Lge10 13.8101
# 03096, T 2974.7, Ltr 0.7558, Lge3 0.8695, Lge10 6.2658
# 03118, T 2995.3, Ltr 0.7768, Lge3 0.8839, Lge10 8.3585
# 03140, T 3015.7, Ltr 1.2926, Lge3 0.8453, Lge10 8.7109
# 03162, T 3035.9, Ltr 1.1867, Lge3 0.9176, Lge10 11.7776
# 03184, T 3056.2, Ltr 0.6843, Lge3 0.9055, Lge10 6.3134
# 03206, T 3076.9, Ltr 0.8951, Lge3 0.9075, Lge10 6.6492
# 03228, T 3097.0, Ltr 0.7083, Lge3 0.8654, Lge10 10.6648
# 03250, T 3117.6, Ltr 0.1885, Lge3 0.8687, Lge10 8.2153
# 03272, T 3137.6, Ltr 1.0537, Lge3 0.8802, Lge10 8.0612
# 03294, T 3158.0, Ltr 0.1140, Lge3 0.9415, Lge10 16.2577
# 03316, T 3178.2, Ltr 1.2974, Lge3 0.8736, Lge10 17.0642
# 03338, T 3198.6, Ltr 0.9059, Lge3 0.9495, Lge10 15.8060
# 03360, T 3219.0, Ltr 0.7066, Lge3 0.9648, Lge10 12.1095
# 03382, T 3239.4, Ltr 0.1358, Lge3 0.9204, Lge10 12.8950
# 03404, T 3259.6, Ltr 0.6771, Lge3 0.9221, Lge10 9.1559
# 03426, T 3279.8, Ltr 1.0911, Lge3 0.8696, Lge10 6.6171
# 03448, T 3299.9, Ltr 0.6479, Lge3 0.8787, Lge10 5.4566
# 03470, T 3320.1, Ltr 1.3105, Lge3 0.8998, Lge10 7.4489
# 03492, T 3340.9, Ltr 0.8371, Lge3 0.8439, Lge10 11.7869
# 03513, T 3361.4, Ltr 1.4714, Lge3 0.8974, Lge10 7.2948
# 03535, T 3381.8, Ltr 0.6515, Lge3 0.8981, Lge10 6.9785
# 03557, T 3402.2, Ltr 0.2935, Lge3 0.8722, Lge10 4.8612
# 03578, T 3422.6, Ltr 0.1879, Lge3 0.9075, Lge10 7.6502
# 03600, T 3442.8, Ltr 1.0980, Lge3 0.8641, Lge10 9.6195
# 03622, T 3463.0, Ltr 0.4817, Lge3 0.9429, Lge10 15.5184
# 03644, T 3483.5, Ltr 1.0852, Lge3 0.8847, Lge10 7.9521
# 03666, T 3503.9, Ltr 0.8528, Lge3 0.9188, Lge10 12.0454
# 03688, T 3524.2, Ltr 1.1369, Lge3 0.8953, Lge10 7.2302
# 03710, T 3544.4, Ltr 0.4383, Lge3 0.9179, Lge10 17.4858
# 03731, T 3564.9, Ltr 0.6486, Lge3 0.9059, Lge10 15.2859
# 03753, T 3585.7, Ltr 1.2850, Lge3 0.9248, Lge10 16.2541
# 03775, T 3606.0, Ltr 1.6713, Lge3 1.6796, Lge10 17.0837
# 03797, T 3626.8, Ltr 1.2522, Lge3 0.8381, Lge10 8.0239
# 03819, T 3647.2, Ltr 0.8703, Lge3 0.8627, Lge10 7.3651
# 03841, T 3667.6, Ltr 0.0944, Lge3 0.8723, Lge10 12.0144
# 03863, T 3688.0, Ltr 0.7729, Lge3 0.8534, Lge10 15.5875
# 03885, T 3708.3, Ltr 0.8206, Lge3 0.9318, Lge10 9.3995
# 03907, T 3728.5, Ltr 0.8990, Lge3 0.8111, Lge10 16.6029
# 03929, T 3749.4, Ltr 0.6935, Lge3 0.9836, Lge10 7.4836
# 03951, T 3770.0, Ltr 0.7490, Lge3 0.8704, Lge10 9.3157
# 03973, T 3790.1, Ltr 1.1347, Lge3 0.8764, Lge10 7.5824
# 03995, T 3810.5, Ltr 0.5851, Lge3 0.8349, Lge10 7.4067
# 04017, T 3830.9, Ltr 1.1208, Lge3 0.9028, Lge10 16.3786
# 04039, T 3851.2, Ltr 0.0756, Lge3 0.8997, Lge10 6.4114
# 04060, T 3871.9, Ltr 1.0257, Lge3 0.8396, Lge10 7.9894
# 04082, T 3892.0, Ltr 0.1145, Lge3 0.9580, Lge10 6.6153
# 04104, T 3912.2, Ltr 1.0738, Lge3 0.9013, Lge10 7.7471
# 04126, T 3932.8, Ltr 0.4947, Lge3 0.9106, Lge10 5.3410
# 04148, T 3953.0, Ltr 0.7864, Lge3 0.8916, Lge10 16.9939
# 04170, T 3973.3, Ltr 0.3370, Lge3 0.8644, Lge10 6.3260
# 04191, T 3993.9, Ltr 0.1013, Lge3 0.8890, Lge10 4.8519
# 04213, T 4014.1, Ltr 0.9166, Lge3 0.9148, Lge10 11.0943
# 04235, T 4034.4, Ltr 0.5769, Lge3 0.9101, Lge10 8.0103
# 04257, T 4055.2, Ltr 0.5724, Lge3 0.9102, Lge10 10.3100
# 04279, T 4075.7, Ltr 0.5412, Lge3 0.9342, Lge10 7.3528
# 04301, T 4095.8, Ltr 0.6386, Lge3 0.9007, Lge10 4.7307
# 04318, T 4117.0, Ltr 0.7477, Lge3 0.9146, Lge10 10.4932
# 04335, T 4136.8, Ltr 0.5518, Lge3 0.9435, Lge10 18.3450
# 04354, T 4156.9, Ltr 0.0745, Lge3 0.9219, Lge10 4.8604
# 04373, T 4177.9, Ltr 0.7870, Lge3 0.9278, Lge10 6.9238
# 04392, T 4197.8, Ltr 0.1680, Lge3 0.9253, Lge10 8.3069
# 04414, T 4218.3, Ltr 0.7759, Lge3 0.9396, Lge10 8.1495
# 04434, T 4238.6, Ltr 0.9386, Lge3 0.9359, Lge10 5.6983
# 04456, T 4258.7, Ltr 0.9474, Lge3 0.9374, Lge10 12.0555
# 04478, T 4278.9, Ltr 1.0645, Lge3 0.9856, Lge10 14.4291
# 04500, T 4299.5, Ltr 0.8602, Lge3 0.9423, Lge10 6.4205
# 04522, T 4319.7, Ltr 0.7695, Lge3 0.9179, Lge10 6.9890
# 04544, T 4340.1, Ltr 0.0702, Lge3 0.8996, Lge10 10.4524
# 04566, T 4360.1, Ltr 0.7056, Lge3 0.8924, Lge10 7.8055
# 04589, T 4381.0, Ltr 0.1286, Lge3 0.9133, Lge10 13.6018
# 04611, T 4401.8, Ltr 0.9012, Lge3 0.9130, Lge10 9.4384
# 04633, T 4422.4, Ltr 0.6223, Lge3 0.9935, Lge10 15.9995
# 04654, T 4442.3, Ltr 0.5906, Lge3 0.9966, Lge10 18.4294
# 04676, T 4462.7, Ltr 0.2562, Lge3 0.9308, Lge10 7.1750
# 04698, T 4483.1, Ltr 0.8991, Lge3 0.9992, Lge10 10.4503
# 04720, T 4503.6, Ltr 0.4386, Lge3 1.1578, Lge10 10.9721
# 04742, T 4523.8, Ltr 0.0700, Lge3 0.9101, Lge10 4.6122
# 04764, T 4543.9, Ltr 0.5133, Lge3 0.8752, Lge10 5.6205
# 04786, T 4565.0, Ltr 0.6242, Lge3 0.8767, Lge10 5.5095
# 04807, T 4584.8, Ltr 0.7169, Lge3 0.9030, Lge10 5.5315
# 04829, T 4605.1, Ltr 0.6760, Lge3 0.8324, Lge10 10.1328
# 04852, T 4626.0, Ltr 0.7252, Lge3 0.9303, Lge10 6.7447
# 04874, T 4646.3, Ltr 0.4545, Lge3 0.9127, Lge10 13.0149
# 04896, T 4666.6, Ltr 0.7029, Lge3 0.8889, Lge10 10.6561
# 04917, T 4686.7, Ltr 0.7906, Lge3 0.9536, Lge10 12.5722
# 04939, T 4706.9, Ltr 0.6258, Lge3 0.8762, Lge10 17.8436
# 04961, T 4727.0, Ltr 0.6251, Lge3 0.9437, Lge10 16.2721
# 04982, T 4748.3, Ltr 0.6234, Lge3 0.9573, Lge10 10.2856
# 05004, T 4768.6, Ltr 0.6603, Lge3 0.9076, Lge10 5.8824
# 05027, T 4789.4, Ltr 0.5427, Lge3 0.9361, Lge10 12.9020
# 05049, T 4809.8, Ltr 0.1053, Lge3 0.8611, Lge10 23.0945
# 05069, T 4831.6, Ltr 0.6925, Lge3 0.9549, Lge10 8.4170
# 05084, T 4852.1, Ltr 0.7929, Lge3 0.8771, Lge10 6.0188
# 05097, T 4872.3, Ltr 0.5164, Lge3 0.8825, Lge10 5.8281
# 05113, T 4892.3, Ltr 0.8671, Lge3 0.8873, Lge10 9.6657
# 05134, T 4912.8, Ltr 0.6498, Lge3 0.9119, Lge10 8.8652
# 05156, T 4933.7, Ltr 0.9047, Lge3 0.8270, Lge10 15.5979
# 05178, T 4954.3, Ltr 0.6017, Lge3 0.8705, Lge10 5.9682
# 05199, T 4975.0, Ltr 0.4367, Lge3 0.9194, Lge10 5.2907
# 05221, T 4995.3, Ltr 0.8072, Lge3 0.8923, Lge10 8.3029
# 05243, T 5015.8, Ltr 0.4657, Lge3 0.9909, Lge10 15.4262
# 05265, T 5036.1, Ltr 0.5227, Lge3 0.9317, Lge10 11.3866
# 05287, T 5057.0, Ltr 0.6644, Lge3 0.9646, Lge10 4.9051
# 05309, T 5077.7, Ltr 0.4957, Lge3 0.9304, Lge10 7.0463
# 05330, T 5098.3, Ltr 0.6819, Lge3 0.8699, Lge10 6.4178
# 05352, T 5118.8, Ltr 0.4864, Lge3 0.8800, Lge10 7.7625
# 05375, T 5139.7, Ltr 0.5952, Lge3 0.8997, Lge10 10.6382
# 05396, T 5160.3, Ltr 0.8160, Lge3 1.1422, Lge10 4.7181
# 05418, T 5180.5, Ltr 0.4936, Lge3 0.9522, Lge10 4.4224
# 05440, T 5200.8, Ltr 0.4355, Lge3 0.8482, Lge10 4.2742
# 05462, T 5221.2, Ltr 0.8724, Lge3 0.8715, Lge10 15.0104
# 05484, T 5241.5, Ltr 0.0729, Lge3 0.8540, Lge10 12.0037
# 05506, T 5262.3, Ltr 0.7169, Lge3 0.8499, Lge10 6.4129
# 05528, T 5282.4, Ltr 0.5934, Lge3 0.8791, Lge10 6.8533
# 05550, T 5302.5, Ltr 0.2321, Lge3 0.9199, Lge10 11.8352
# 05572, T 5323.2, Ltr 0.5538, Lge3 0.8617, Lge10 12.8646
# 05595, T 5344.0, Ltr 0.5188, Lge3 0.8801, Lge10 7.4947
# 05617, T 5364.3, Ltr 0.8826, Lge3 0.9157, Lge10 5.1266
# 05638, T 5385.0, Ltr 0.1887, Lge3 0.9147, Lge10 4.3828
# 05660, T 5405.3, Ltr 0.6638, Lge3 0.8810, Lge10 7.9490
# 05682, T 5425.8, Ltr 0.4963, Lge3 0.8989, Lge10 4.8423
# 05703, T 5445.9, Ltr 0.3879, Lge3 0.9324, Lge10 8.2333
# 05725, T 5466.3, Ltr 0.6154, Lge3 0.8655, Lge10 4.5393
# 05746, T 5486.6, Ltr 0.8582, Lge3 0.8262, Lge10 13.8350
# 05768, T 5507.0, Ltr 0.8941, Lge3 0.8912, Lge10 12.3105
# 05790, T 5527.3, Ltr 0.7309, Lge3 0.8775, Lge10 7.4182
# 05812, T 5547.5, Ltr 0.6011, Lge3 0.9164, Lge10 26.2622
# 05834, T 5568.3, Ltr 0.5526, Lge3 0.8415, Lge10 8.4729
# 05856, T 5588.5, Ltr 0.0677, Lge3 0.8607, Lge10 14.3425
# 05878, T 5608.9, Ltr 0.5348, Lge3 0.8508, Lge10 7.6213
# 05900, T 5629.2, Ltr 0.5038, Lge3 0.9205, Lge10 5.4820
# 05922, T 5649.7, Ltr 0.6879, Lge3 1.0317, Lge10 16.4113
# 05944, T 5669.8, Ltr 0.7891, Lge3 0.8282, Lge10 8.5347
# 05966, T 5690.2, Ltr 0.3897, Lge3 0.9161, Lge10 8.5987
# 05987, T 5710.3, Ltr 0.7685, Lge3 0.8711, Lge10 6.6445
# 06006, T 5731.1, Ltr 0.6634, Lge3 0.9163, Lge10 5.7248
# 06027, T 5751.0, Ltr 0.8988, Lge3 0.8430, Lge10 15.3052
# 06049, T 5771.3, Ltr 0.9539, Lge3 0.8404, Lge10 19.4271
# 06069, T 5791.4, Ltr 0.5784, Lge3 0.9195, Lge10 6.6227
# 06091, T 5811.6, Ltr 0.4529, Lge3 0.8923, Lge10 4.6157
# 06113, T 5831.6, Ltr 0.3482, Lge3 0.9954, Lge10 6.0028
# 06135, T 5852.1, Ltr 0.3391, Lge3 0.9877, Lge10 4.2385
# 06157, T 5872.8, Ltr 0.3631, Lge3 0.9410, Lge10 4.2617
# 06178, T 5893.0, Ltr 0.0839, Lge3 0.8944, Lge10 7.3600
# 06198, T 5913.2, Ltr 0.4270, Lge3 0.8810, Lge10 5.1149
# 06220, T 5934.0, Ltr 0.4428, Lge3 0.8866, Lge10 9.5179
# 06242, T 5954.6, Ltr 0.4766, Lge3 0.9463, Lge10 6.0413
# 06264, T 5975.2, Ltr 0.4767, Lge3 1.0147, Lge10 4.3827
# 06286, T 5995.6, Ltr 0.5542, Lge3 0.8500, Lge10 4.6537
# 06308, T 6016.1, Ltr 0.6652, Lge3 0.8787, Lge10 13.4092
# 06327, T 6037.2, Ltr 0.7940, Lge3 1.6607, Lge10 8.3562
# 06349, T 6057.4, Ltr 0.7602, Lge3 0.8576, Lge10 19.1639
# 06371, T 6077.8, Ltr 0.6684, Lge3 0.8724, Lge10 3.1360
# 06393, T 6098.2, Ltr 0.7571, Lge3 0.9351, Lge10 3.8471
# 06415, T 6118.5, Ltr 0.6175, Lge3 0.9474, Lge10 3.0083
# 06437, T 6139.2, Ltr 0.0603, Lge3 0.9515, Lge10 26.3580
# 06459, T 6159.8, Ltr 0.7641, Lge3 1.0001, Lge10 10.9271
# 06481, T 6180.1, Ltr 0.6722, Lge3 1.4396, Lge10 12.3798
# 06503, T 6200.6, Ltr 0.5606, Lge3 0.8614, Lge10 12.0611
# 06525, T 6221.1, Ltr 0.4909, Lge3 0.8783, Lge10 10.7684
# 06547, T 6241.9, Ltr 0.4344, Lge3 0.8343, Lge10 3.3723
# 06569, T 6262.3, Ltr 0.6670, Lge3 0.8573, Lge10 3.6438
# 06591, T 6282.5, Ltr 0.5754, Lge3 0.8907, Lge10 7.4537
# 06613, T 6303.2, Ltr 0.2169, Lge3 1.2102, Lge10 5.2042
# 06635, T 6323.6, Ltr 0.3455, Lge3 1.1716, Lge10 5.5097
# 06657, T 6344.0, Ltr 0.4967, Lge3 0.9013, Lge10 4.1480
# 06679, T 6364.3, Ltr 0.0951, Lge3 1.1516, Lge10 11.9138
# 06701, T 6384.5, Ltr 0.0991, Lge3 1.0648, Lge10 8.6218
# 06723, T 6404.9, Ltr 0.5166, Lge3 0.9602, Lge10 8.9799
# 06741, T 6425.5, Ltr 0.5274, Lge3 1.2276, Lge10 6.6161
# 06762, T 6445.2, Ltr 0.7215, Lge3 1.0715, Lge10 6.1008
# 06784, T 6465.5, Ltr 0.6260, Lge3 0.9553, Lge10 10.7564
# 06806, T 6485.7, Ltr 0.5695, Lge3 1.0480, Lge10 11.0568
# 06828, T 6506.1, Ltr 0.5150, Lge3 0.9493, Lge10 19.3029
# 06849, T 6526.8, Ltr 0.4761, Lge3 0.8773, Lge10 9.1757
# 06869, T 6547.2, Ltr 0.7425, Lge3 0.8859, Lge10 9.3750
# 06891, T 6567.6, Ltr 0.6641, Lge3 1.0436, Lge10 9.0919
# 06913, T 6587.7, Ltr 0.5352, Lge3 1.0657, Lge10 9.6951
# 06935, T 6608.2, Ltr 0.5477, Lge3 1.0066, Lge10 6.2618
# 06957, T 6628.6, Ltr 0.8739, Lge3 1.6554, Lge10 5.3616
# 06979, T 6649.7, Ltr 0.7714, Lge3 1.1241, Lge10 14.2051
# 07000, T 6669.4, Ltr 0.7328, Lge3 0.9025, Lge10 8.3255
# 07022, T 6689.8, Ltr 0.4417, Lge3 0.9883, Lge10 5.6357
# 07044, T 6710.0, Ltr 0.1651, Lge3 0.9043, Lge10 3.8343
# 07066, T 6730.0, Ltr 0.3821, Lge3 0.9730, Lge10 3.8782
# 07088, T 6750.5, Ltr 0.0659, Lge3 1.1101, Lge10 6.0054
# 07110, T 6770.6, Ltr 0.5649, Lge3 1.1279, Lge10 4.4806
# 07133, T 6791.4, Ltr 0.5158, Lge3 0.9483, Lge10 3.0775
# 07155, T 6811.4, Ltr 0.5580, Lge3 1.1305, Lge10 3.5610
# 07177, T 6831.7, Ltr 0.6279, Lge3 0.9975, Lge10 6.1586
# 07200, T 6852.5, Ltr 0.4975, Lge3 1.4219, Lge10 4.4881
# 07222, T 6872.6, Ltr 0.4911, Lge3 0.8469, Lge10 6.6962
# 07244, T 6892.7, Ltr 0.4458, Lge3 0.8848, Lge10 11.4340
# 07266, T 6912.8, Ltr 0.3742, Lge3 1.0220, Lge10 6.9055
# 07288, T 6933.0, Ltr 0.6426, Lge3 0.9335, Lge10 15.2164
# 07310, T 6953.0, Ltr 0.5934, Lge3 0.9423, Lge10 11.7254
# 07332, T 6973.7, Ltr 0.5245, Lge3 0.8315, Lge10 4.2826
# 07354, T 6994.1, Ltr 0.4342, Lge3 1.0283, Lge10 24.1128
# 07376, T 7014.2, Ltr 0.3679, Lge3 1.1936, Lge10 7.5556
# 07399, T 7035.0, Ltr 0.5401, Lge3 0.9889, Lge10 13.5544
# 07422, T 7055.9, Ltr 0.2370, Lge3 1.0414, Lge10 7.7469
# 07443, T 7076.4, Ltr 0.2545, Lge3 1.2125, Lge10 5.8646
# 07461, T 7096.5, Ltr 0.4744, Lge3 1.0446, Lge10 5.7068
# 07483, T 7117.1, Ltr 0.2465, Lge3 1.1866, Lge10 3.7836
# 07505, T 7137.3, Ltr 0.0904, Lge3 1.1154, Lge10 4.0235
# 07527, T 7157.9, Ltr 0.0831, Lge3 1.0498, Lge10 4.4444
# 07549, T 7178.3, Ltr 0.5580, Lge3 1.0754, Lge10 3.2778
# 07571, T 7198.5, Ltr 0.5212, Lge3 1.1376, Lge10 10.8005
# 07593, T 7218.7, Ltr 0.5349, Lge3 1.0704, Lge10 9.3559
# 07615, T 7238.7, Ltr 0.1969, Lge3 0.9629, Lge10 9.1329
# 07637, T 7259.5, Ltr 0.1284, Lge3 0.9894, Lge10 4.3643
# 07658, T 7280.3, Ltr 0.2061, Lge3 0.9714, Lge10 4.9654
# 07679, T 7299.9, Ltr 0.5281, Lge3 0.9918, Lge10 4.1496
# 07701, T 7320.3, Ltr 0.5562, Lge3 1.2576, Lge10 4.4279
# 07723, T 7340.8, Ltr 0.7118, Lge3 1.9353, Lge10 21.7605
# 07745, T 7361.0, Ltr 0.3830, Lge3 1.0226, Lge10 4.7406
# 07767, T 7381.2, Ltr 0.3574, Lge3 0.9502, Lge10 10.3829
# 07789, T 7402.0, Ltr 0.3897, Lge3 1.1938, Lge10 5.4826
# 07811, T 7422.1, Ltr 0.0905, Lge3 0.9993, Lge10 5.5394
# 07833, T 7442.4, Ltr 0.4380, Lge3 1.0839, Lge10 4.3854
# 07855, T 7462.5, Ltr 0.5331, Lge3 1.1482, Lge10 3.1628
# 07877, T 7482.5, Ltr 0.0403, Lge3 1.5084, Lge10 13.4002
# 07900, T 7503.3, Ltr 0.5081, Lge3 1.5892, Lge10 16.8321
# 07923, T 7524.0, Ltr 0.4685, Lge3 1.4004, Lge10 6.4671
# 07945, T 7544.8, Ltr 0.4763, Lge3 0.9617, Lge10 12.0289
# 07967, T 7565.1, Ltr 0.4885, Lge3 1.3401, Lge10 10.9265
# 07988, T 7585.3, Ltr 0.2354, Lge3 1.3435, Lge10 7.7402
# 08010, T 7605.7, Ltr 0.3046, Lge3 1.1599, Lge10 5.9462
# 08032, T 7625.9, Ltr 0.0531, Lge3 1.1470, Lge10 9.8515
# 08054, T 7645.9, Ltr 0.3824, Lge3 1.2119, Lge10 3.7767
# 08076, T 7666.7, Ltr 0.4536, Lge3 1.2856, Lge10 9.2341
# 08098, T 7687.1, Ltr 0.6570, Lge3 1.6055, Lge10 4.2341
# 08120, T 7707.3, Ltr 0.3672, Lge3 1.1467, Lge10 3.0745
# 08142, T 7728.0, Ltr 0.4372, Lge3 1.2267, Lge10 6.2595
# 08164, T 7748.2, Ltr 0.3859, Lge3 1.2259, Lge10 6.8488
# 08186, T 7768.2, Ltr 0.1318, Lge3 1.3058, Lge10 3.3110
# 08208, T 7788.6, Ltr 0.4284, Lge3 1.2298, Lge10 9.2396
# 08230, T 7809.1, Ltr 0.4310, Lge3 1.5929, Lge10 9.8591
# 08252, T 7829.3, Ltr 0.4853, Lge3 1.3531, Lge10 4.4026
# 08274, T 7849.4, Ltr 0.2686, Lge3 1.3386, Lge10 6.2788
# 08296, T 7870.0, Ltr 0.3191, Lge3 1.4715, Lge10 3.3105
# 08317, T 7890.6, Ltr 0.2952, Lge3 1.4292, Lge10 9.6886
# 08339, T 7911.0, Ltr 0.7696, Lge3 1.0038, Lge10 13.9249
# 08361, T 7931.6, Ltr 0.5124, Lge3 1.0196, Lge10 14.9717
# 08382, T 7952.3, Ltr 0.6958, Lge3 1.0305, Lge10 11.4332
# 08403, T 7972.3, Ltr 0.6963, Lge3 1.1549, Lge10 5.7131
# 08424, T 7992.3, Ltr 0.4910, Lge3 1.2594, Lge10 5.0923
# 08443, T 8013.7, Ltr 0.1840, Lge3 1.3581, Lge10 6.6629
# 08464, T 8033.7, Ltr 0.3078, Lge3 1.2108, Lge10 5.1437
# 08484, T 8053.9, Ltr 0.2712, Lge3 1.1421, Lge10 3.4248
# 08506, T 8074.5, Ltr 0.1692, Lge3 1.4311, Lge10 8.6267
# 08528, T 8095.1, Ltr 0.4714, Lge3 1.8855, Lge10 5.2064
# 08550, T 8115.4, Ltr 0.4475, Lge3 1.4183, Lge10 2.7508
# 08571, T 8135.6, Ltr 0.4439, Lge3 1.5082, Lge10 4.0993
# 08592, T 8155.8, Ltr 0.3313, Lge3 1.6544, Lge10 7.3246
# 08614, T 8176.0, Ltr 0.3798, Lge3 1.3938, Lge10 6.8333
# 08636, T 8196.8, Ltr 0.4254, Lge3 1.3228, Lge10 5.1498
# 08657, T 8217.7, Ltr 0.3054, Lge3 1.9652, Lge10 2.7231
# 08679, T 8237.9, Ltr 0.3617, Lge3 1.8581, Lge10 3.2378
# 08701, T 8258.6, Ltr 0.3700, Lge3 1.0484, Lge10 12.9039
# 08723, T 8279.0, Ltr 0.1005, Lge3 1.3860, Lge10 5.4451
# 08745, T 8299.6, Ltr 0.4368, Lge3 1.7395, Lge10 15.9125
# 08767, T 8319.8, Ltr 0.3782, Lge3 1.8451, Lge10 11.5723
# 08788, T 8339.9, Ltr 0.2486, Lge3 1.9270, Lge10 3.5703
# 08810, T 8360.2, Ltr 0.4553, Lge3 1.7161, Lge10 3.9384
# 08832, T 8380.7, Ltr 0.2749, Lge3 1.1641, Lge10 4.2341
# 08854, T 8401.4, Ltr 0.4393, Lge3 1.1377, Lge10 4.2963
# 08875, T 8421.9, Ltr 0.4312, Lge3 1.2064, Lge10 5.2868
# 08896, T 8442.1, Ltr 0.6952, Lge3 1.5069, Lge10 18.3498
# 08918, T 8462.8, Ltr 0.4122, Lge3 2.3733, Lge10 3.9799
# 08940, T 8483.2, Ltr 0.3645, Lge3 1.2753, Lge10 18.6778
# 08962, T 8503.8, Ltr 0.3360, Lge3 1.5374, Lge10 6.6191
# 08983, T 8524.1, Ltr 0.2408, Lge3 1.5714, Lge10 16.9028
# 09005, T 8544.6, Ltr 0.6191, Lge3 1.1170, Lge10 12.9228
# 09027, T 8564.8, Ltr 0.6827, Lge3 1.8508, Lge10 12.8129
# 09049, T 8585.3, Ltr 0.7935, Lge3 0.8071, Lge10 4.1422
# 09071, T 8605.6, Ltr 0.4439, Lge3 1.3475, Lge10 5.9984
# 09089, T 8625.9, Ltr 0.0426, Lge3 1.3660, Lge10 10.0540
# 09106, T 8646.0, Ltr 0.1590, Lge3 1.1427, Lge10 5.5132
# 09124, T 8666.5, Ltr 0.4770, Lge3 1.1109, Lge10 5.7670
# 09146, T 8686.9, Ltr 0.3531, Lge3 1.3835, Lge10 8.0834
# 09168, T 8707.0, Ltr 0.4490, Lge3 1.5487, Lge10 4.8116
# 09190, T 8727.4, Ltr 0.3922, Lge3 1.2756, Lge10 3.9859
# 09212, T 8748.0, Ltr 0.2631, Lge3 1.0422, Lge10 7.5336
# 09234, T 8768.9, Ltr 0.3534, Lge3 2.2905, Lge10 7.0282
# 09255, T 8789.5, Ltr 0.2715, Lge3 1.5824, Lge10 6.5179
# 09277, T 8810.1, Ltr 0.1878, Lge3 1.5827, Lge10 4.1494
# 09299, T 8830.4, Ltr 0.4100, Lge3 1.2715, Lge10 4.3954
# 09321, T 8850.8, Ltr 0.5320, Lge3 2.3388, Lge10 6.7206
# 09342, T 8871.1, Ltr 0.3540, Lge3 1.9754, Lge10 3.7459
# 09364, T 8891.5, Ltr 0.5681, Lge3 1.5084, Lge10 7.6150
# 09386, T 8912.0, Ltr 0.4473, Lge3 2.2931, Lge10 23.4997
# 09408, T 8932.5, Ltr 0.0810, Lge3 1.3325, Lge10 5.1444
# 09430, T 8953.1, Ltr 0.3751, Lge3 2.2114, Lge10 11.2470
# 09452, T 8973.8, Ltr 0.4659, Lge3 1.0716, Lge10 15.6892
# 09474, T 8994.2, Ltr 0.0453, Lge3 1.9613, Lge10 3.0432
# 09496, T 9014.7, Ltr 0.3064, Lge3 1.4265, Lge10 5.4639
# 09518, T 9035.2, Ltr 0.2354, Lge3 1.5549, Lge10 11.1669
# 09540, T 9055.7, Ltr 0.0327, Lge3 1.2761, Lge10 3.7294
# 09562, T 9076.5, Ltr 0.2375, Lge3 1.5280, Lge10 2.7925
# 09583, T 9097.1, Ltr 0.2974, Lge3 2.0322, Lge10 3.6358
# 09605, T 9117.5, Ltr 0.3310, Lge3 1.4534, Lge10 2.9972
# 09627, T 9138.1, Ltr 0.3220, Lge3 1.3991, Lge10 8.0221
# 09649, T 9158.4, Ltr 0.2270, Lge3 1.5741, Lge10 3.3950
# 09671, T 9179.4, Ltr 0.0676, Lge3 1.4997, Lge10 18.7834
# 09693, T 9200.0, Ltr 0.5335, Lge3 0.8844, Lge10 14.6257
# 09715, T 9220.5, Ltr 0.3405, Lge3 2.2017, Lge10 3.9187
# 09737, T 9241.2, Ltr 0.0435, Lge3 1.6221, Lge10 6.0683
# 09759, T 9261.5, Ltr 0.4209, Lge3 1.6226, Lge10 3.9275
# 09781, T 9282.1, Ltr 0.2904, Lge3 1.3288, Lge10 3.2289
# 09802, T 9302.4, Ltr 0.3892, Lge3 2.0133, Lge10 4.7167
# 09824, T 9322.7, Ltr 0.3985, Lge3 1.5171, Lge10 2.9925
# 09846, T 9343.2, Ltr 0.1569, Lge3 1.3298, Lge10 3.0923
# 09868, T 9363.9, Ltr 0.3864, Lge3 1.5083, Lge10 4.9069
# 09889, T 9384.3, Ltr 0.2095, Lge3 1.4266, Lge10 2.6832
# 09911, T 9404.6, Ltr 0.3962, Lge3 1.0722, Lge10 5.1132
# 09933, T 9425.1, Ltr 0.1885, Lge3 1.4301, Lge10 3.0373
# 09955, T 9445.7, Ltr 0.2514, Lge3 0.9550, Lge10 6.6461
# 09977, T 9466.1, Ltr 0.4304, Lge3 2.3379, Lge10 11.3235
# 09999, T 9486.5, Ltr 0.4116, Lge3 1.0347, Lge10 4.3825
# 10021, T 9506.9, Ltr 0.0529, Lge3 1.0876, Lge10 8.3474
# 10043, T 9527.8, Ltr 0.3460, Lge3 1.3892, Lge10 6.4901
# 10065, T 9548.6, Ltr 0.0594, Lge3 1.0727, Lge10 4.7354
# 10082, T 9569.0, Ltr 0.3497, Lge3 1.7410, Lge10 21.7873
# 10103, T 9589.7, Ltr 0.2897, Lge3 1.2341, Lge10 6.3781
# 10125, T 9610.4, Ltr 0.6136, Lge3 0.8794, Lge10 11.5527
# 10144, T 9631.6, Ltr 0.5400, Lge3 0.9052, Lge10 5.6348
# 10164, T 9651.7, Ltr 0.2569, Lge3 1.0730, Lge10 6.6763
# 10186, T 9672.3, Ltr 0.5877, Lge3 1.0404, Lge10 4.6788
# 10208, T 9693.1, Ltr 0.4482, Lge3 0.9313, Lge10 5.0053
# 10230, T 9714.0, Ltr 0.2272, Lge3 1.6142, Lge10 3.7140
# 10252, T 9734.7, Ltr 0.3646, Lge3 1.2730, Lge10 3.8305
# 10274, T 9755.2, Ltr 0.1514, Lge3 1.2677, Lge10 4.0564
# 10296, T 9775.7, Ltr 0.3659, Lge3 1.6123, Lge10 6.8219
# 10318, T 9796.3, Ltr 0.7590, Lge3 2.9063, Lge10 10.5575
# 10340, T 9816.9, Ltr 0.4881, Lge3 1.0179, Lge10 13.3049
# 10362, T 9837.3, Ltr 0.4184, Lge3 2.1388, Lge10 3.8298
# 10384, T 9858.7, Ltr 0.2711, Lge3 0.9882, Lge10 6.5353
# 10403, T 9879.1, Ltr 0.3058, Lge3 1.5476, Lge10 7.4535
# 10424, T 9899.3, Ltr 0.0468, Lge3 1.3077, Lge10 7.5179
# 10446, T 9920.0, Ltr 0.1166, Lge3 1.5270, Lge10 4.7509
# 10468, T 9940.4, Ltr 0.2839, Lge3 1.0497, Lge10 6.3934
# 10490, T 9960.9, Ltr 0.2232, Lge3 2.1046, Lge10 3.2745
# 10511, T 9981.2, Ltr 0.3463, Lge3 1.1677, Lge10 7.2569
# 10533, T 10001.4, Ltr 0.3810, Lge3 1.4657, Lge10 3.7169
# 10555, T 10021.7, Ltr 0.3346, Lge3 1.4495, Lge10 2.9335
# 10577, T 10041.9, Ltr 0.3293, Lge3 1.5224, Lge10 4.8174
# 10599, T 10062.3, Ltr 0.0730, Lge3 1.4456, Lge10 4.7713
# 10621, T 10082.5, Ltr 0.1219, Lge3 1.1747, Lge10 6.0329
# 10643, T 10103.2, Ltr 0.3318, Lge3 1.2604, Lge10 7.0713
# 10665, T 10124.1, Ltr 0.0542, Lge3 1.2829, Lge10 3.3954
# 10684, T 10144.1, Ltr 0.2399, Lge3 1.2144, Lge10 3.6770
# 10706, T 10164.5, Ltr 0.3585, Lge3 1.5662, Lge10 4.7719
# 10728, T 10185.1, Ltr 0.3584, Lge3 1.2586, Lge10 5.1932
# 10750, T 10205.4, Ltr 0.0712, Lge3 1.2431, Lge10 6.8375
# 10772, T 10225.9, Ltr 0.2435, Lge3 1.1846, Lge10 2.6883
# 10794, T 10246.1, Ltr 0.4093, Lge3 1.3485, Lge10 5.6405
# 10816, T 10266.3, Ltr 0.3242, Lge3 1.3070, Lge10 3.9511
# 10838, T 10286.6, Ltr 0.1491, Lge3 1.2763, Lge10 4.3873
# 10860, T 10306.8, Ltr 0.2339, Lge3 1.0496, Lge10 5.6866
# 10882, T 10327.1, Ltr 0.3751, Lge3 1.5414, Lge10 5.9157
# 10904, T 10347.6, Ltr 0.1165, Lge3 1.2715, Lge10 3.6347
# 10923, T 10368.0, Ltr 0.3113, Lge3 1.3279, Lge10 3.4115
# 10945, T 10388.3, Ltr 0.2282, Lge3 1.4412, Lge10 11.1373
# 10967, T 10408.6, Ltr 0.2419, Lge3 1.8394, Lge10 5.4660
# 10989, T 10428.9, Ltr 0.1828, Lge3 1.7911, Lge10 4.4578
# 11011, T 10449.5, Ltr 0.4731, Lge3 1.1963, Lge10 2.8199
# 11033, T 10469.8, Ltr 0.4597, Lge3 1.1381, Lge10 4.2870
# 11055, T 10490.3, Ltr 0.1510, Lge3 1.2616, Lge10 3.1378
# 11077, T 10510.6, Ltr 0.3413, Lge3 1.3054, Lge10 14.4947
# 11099, T 10531.2, Ltr 0.2459, Lge3 1.1596, Lge10 9.0653
# 11121, T 10551.7, Ltr 0.1746, Lge3 1.5314, Lge10 2.9899
# 11143, T 10572.5, Ltr 0.4143, Lge3 1.7659, Lge10 4.4672
# 11165, T 10592.7, Ltr 0.4009, Lge3 1.3343, Lge10 14.9138
# 11187, T 10612.8, Ltr 0.9834, Lge3 0.9951, Lge10 21.1589
# 11209, T 10632.9, Ltr 0.4573, Lge3 0.8961, Lge10 10.6129
# 11231, T 10653.2, Ltr 1.2554, Lge3 0.8066, Lge10 17.2831
# 11253, T 10673.5, Ltr 0.4664, Lge3 0.9356, Lge10 6.7425
# 11275, T 10693.7, Ltr 0.5763, Lge3 0.9380, Lge10 9.3888
# 11294, T 10715.0, Ltr 0.3473, Lge3 0.9104, Lge10 5.3909
# 11316, T 10735.4, Ltr 0.3036, Lge3 0.9636, Lge10 10.6374
# 11338, T 10755.7, Ltr 0.2042, Lge3 1.3660, Lge10 2.7902
# 11360, T 10776.1, Ltr 0.2322, Lge3 1.1113, Lge10 2.6513
# 11381, T 10796.2, Ltr 0.3383, Lge3 1.3899, Lge10 5.9476
# 11403, T 10816.7, Ltr 0.3946, Lge3 1.2968, Lge10 5.4703
# 11425, T 10837.0, Ltr 0.4077, Lge3 1.2424, Lge10 2.6602
# 11447, T 10857.3, Ltr 0.3347, Lge3 1.2004, Lge10 8.2434
# 11469, T 10878.0, Ltr 0.0657, Lge3 1.4345, Lge10 3.6457
# 11491, T 10898.4, Ltr 0.2108, Lge3 1.4151, Lge10 5.7936
# 11513, T 10919.0, Ltr 0.2646, Lge3 1.6544, Lge10 3.1773
# 11535, T 10939.6, Ltr 0.1480, Lge3 1.2485, Lge10 14.0342
# 11557, T 10960.0, Ltr 0.3108, Lge3 2.1914, Lge10 4.5249
# 11579, T 10980.2, Ltr 0.5296, Lge3 1.0966, Lge10 5.6209
# 11601, T 11000.5, Ltr 0.5698, Lge3 1.6384, Lge10 9.6461
# 11623, T 11020.9, Ltr 0.2739, Lge3 1.2501, Lge10 4.0620
# 11645, T 11041.3, Ltr 0.4290, Lge3 1.1900, Lge10 3.4685
# 11667, T 11061.5, Ltr 0.2727, Lge3 1.2519, Lge10 3.4421
# 11689, T 11081.9, Ltr 0.2571, Lge3 1.3398, Lge10 3.3967
# 11711, T 11102.1, Ltr 0.1728, Lge3 1.4674, Lge10 7.1604
# 11733, T 11122.5, Ltr 0.0536, Lge3 1.1370, Lge10 6.4132
# 11755, T 11143.0, Ltr 0.1988, Lge3 1.1773, Lge10 2.8375
# 11777, T 11163.3, Ltr 0.3851, Lge3 1.4840, Lge10 5.0361
# 11798, T 11184.1, Ltr 0.2989, Lge3 1.3629, Lge10 2.7939
# 11820, T 11204.6, Ltr 0.1681, Lge3 1.2682, Lge10 3.1812
# 11842, T 11225.1, Ltr 0.2461, Lge3 1.6143, Lge10 19.2946
# 11864, T 11245.4, Ltr 0.1417, Lge3 1.1803, Lge10 2.8898
# 11886, T 11265.8, Ltr 0.2103, Lge3 1.4005, Lge10 3.7419
# 11907, T 11286.1, Ltr 0.2241, Lge3 1.2804, Lge10 4.1003
# 11929, T 11306.8, Ltr 0.1215, Lge3 1.3442, Lge10 7.1400
# 11951, T 11327.5, Ltr 0.0648, Lge3 1.2189, Lge10 10.8110
# 11973, T 11348.2, Ltr 0.3013, Lge3 1.5545, Lge10 5.3254
# 11995, T 11368.8, Ltr 0.3614, Lge3 1.0103, Lge10 6.7350
# 12017, T 11389.4, Ltr 0.5074, Lge3 1.1286, Lge10 6.0915
# 12039, T 11410.0, Ltr 0.3910, Lge3 1.5850, Lge10 4.4136
# 12061, T 11430.3, Ltr 0.7607, Lge3 1.2667, Lge10 13.3671
# 12083, T 11450.7, Ltr 0.3660, Lge3 1.1483, Lge10 4.6307
# 12105, T 11471.1, Ltr 0.0515, Lge3 1.3658, Lge10 4.8683
# 12127, T 11491.9, Ltr 0.2988, Lge3 1.3854, Lge10 4.6265
# 12149, T 11512.3, Ltr 0.0436, Lge3 1.1066, Lge10 5.2867
# 12171, T 11532.7, Ltr 0.2315, Lge3 1.0881, Lge10 3.0767
# 12193, T 11552.9, Ltr 0.3472, Lge3 1.7751, Lge10 4.0210
# 12215, T 11573.4, Ltr 0.3309, Lge3 1.2153, Lge10 8.0259
# 12237, T 11593.7, Ltr 0.3259, Lge3 1.5110, Lge10 6.7160
# 12259, T 11614.2, Ltr 0.2898, Lge3 1.3553, Lge10 3.3363
# 12281, T 11634.5, Ltr 0.1787, Lge3 1.5673, Lge10 2.3781
# 12303, T 11654.7, Ltr 0.3436, Lge3 1.0712, Lge10 3.4569
# 12325, T 11675.0, Ltr 0.0842, Lge3 1.4246, Lge10 3.0616
# 12347, T 11695.2, Ltr 0.2074, Lge3 1.5405, Lge10 4.3412
# 12369, T 11715.4, Ltr 0.2322, Lge3 1.2790, Lge10 3.3015
# 12391, T 11736.0, Ltr 0.3211, Lge3 1.5169, Lge10 15.3456
# 12413, T 11756.2, Ltr 0.1335, Lge3 1.0515, Lge10 10.1465
# 12435, T 11776.5, Ltr 0.3926, Lge3 1.0447, Lge10 10.6511
# 12457, T 11796.8, Ltr 0.5502, Lge3 1.5500, Lge10 12.0478
# 12479, T 11817.5, Ltr 0.4062, Lge3 1.7274, Lge10 6.3293
# 12501, T 11837.7, Ltr 0.3866, Lge3 1.5462, Lge10 3.5772
# 12523, T 11858.1, Ltr 0.0533, Lge3 1.1684, Lge10 5.3715
# 12545, T 11878.3, Ltr 0.2197, Lge3 1.0144, Lge10 5.8472
# 12567, T 11898.3, Ltr 0.2319, Lge3 1.4839, Lge10 4.2989
# 12589, T 11918.4, Ltr 0.3340, Lge3 1.0831, Lge10 3.8355
# 12610, T 11938.9, Ltr 0.2432, Lge3 1.3378, Lge10 3.6537
# 12632, T 11959.2, Ltr 0.2777, Lge3 0.9344, Lge10 6.8343
# 12654, T 11979.7, Ltr 0.0574, Lge3 1.1492, Lge10 2.9856
# 12676, T 12000.0, Ltr 0.3361, Lge3 1.0439, Lge10 3.2609
# 12698, T 12020.7, Ltr 0.3392, Lge3 1.5551, Lge10 3.2348
# 12720, T 12041.1, Ltr 0.2361, Lge3 1.2964, Lge10 5.1572
# 12742, T 12061.4, Ltr 0.2657, Lge3 1.7039, Lge10 4.6945
# 12764, T 12081.8, Ltr 0.3298, Lge3 1.4381, Lge10 4.2947
# 12786, T 12102.2, Ltr 0.2422, Lge3 1.4885, Lge10 7.7970
# 12808, T 12122.8, Ltr 0.2934, Lge3 1.3325, Lge10 3.0936
# 12830, T 12143.2, Ltr 0.2218, Lge3 1.3931, Lge10 5.7033
# 12852, T 12163.6, Ltr 0.2434, Lge3 1.0882, Lge10 11.6767
# 12874, T 12184.1, Ltr 0.2439, Lge3 1.4474, Lge10 6.7604
# 12895, T 12204.2, Ltr 0.3553, Lge3 1.5795, Lge10 8.4695
# 12917, T 12224.8, Ltr 0.3080, Lge3 1.3357, Lge10 8.2059
# 12939, T 12245.2, Ltr 0.2035, Lge3 1.3121, Lge10 3.4675
# 12961, T 12265.8, Ltr 0.3235, Lge3 1.7578, Lge10 3.8801
# 12983, T 12286.1, Ltr 0.2740, Lge3 1.5741, Lge10 3.0874
# 13005, T 12306.6, Ltr 0.3188, Lge3 1.8962, Lge10 21.2349
# 13027, T 12327.2, Ltr 0.2303, Lge3 2.9317, Lge10 12.9889
# 13049, T 12347.7, Ltr 0.1012, Lge3 1.4448, Lge10 5.3008
# 13071, T 12368.1, Ltr 0.2072, Lge3 1.2297, Lge10 4.3277
# 13093, T 12388.6, Ltr 0.2896, Lge3 1.1005, Lge10 3.3235
# 13115, T 12408.8, Ltr 0.3906, Lge3 1.3974, Lge10 7.2500
# 13137, T 12429.1, Ltr 0.2388, Lge3 1.1107, Lge10 3.6695
# 13159, T 12449.7, Ltr 0.1664, Lge3 1.4949, Lge10 3.2162
# 13181, T 12470.3, Ltr 0.3254, Lge3 1.2383, Lge10 3.3569
# 13203, T 12490.8, Ltr 0.2116, Lge3 1.3380, Lge10 2.6307
# 13225, T 12511.1, Ltr 0.0468, Lge3 1.5432, Lge10 10.4341
# 13247, T 12531.4, Ltr 0.3341, Lge3 1.7101, Lge10 6.4988
# 13269, T 12552.1, Ltr 0.1672, Lge3 1.8694, Lge10 10.0989
# 13291, T 12573.0, Ltr 0.2769, Lge3 1.8426, Lge10 6.3539
# 13313, T 12593.9, Ltr 0.2339, Lge3 1.6272, Lge10 3.8957
# 13335, T 12614.4, Ltr 0.1801, Lge3 1.3368, Lge10 5.4031
# 13357, T 12634.7, Ltr 0.2815, Lge3 1.4477, Lge10 2.3938
# 13379, T 12655.4, Ltr 0.2345, Lge3 1.4226, Lge10 8.9050
# 13401, T 12675.7, Ltr 0.2884, Lge3 1.7752, Lge10 8.0230
# 13423, T 12696.1, Ltr 0.2477, Lge3 1.4282, Lge10 2.8553
# 13445, T 12716.4, Ltr 0.3127, Lge3 1.5165, Lge10 2.1014
# 13467, T 12736.7, Ltr 0.0552, Lge3 1.1817, Lge10 4.4257
# 13489, T 12757.1, Ltr 0.3076, Lge3 1.5988, Lge10 6.7190
# 13511, T 12777.5, Ltr 0.7918, Lge3 3.5819, Lge10 16.9943
# 13533, T 12797.7, Ltr 0.2350, Lge3 2.8810, Lge10 8.3117
# 13555, T 12818.3, Ltr 0.2198, Lge3 1.4355, Lge10 6.7027
# 13577, T 12838.7, Ltr 0.3259, Lge3 1.4740, Lge10 3.4860
# 13599, T 12859.2, Ltr 0.1957, Lge3 1.4150, Lge10 3.0288
# 13621, T 12879.6, Ltr 0.4005, Lge3 1.7964, Lge10 4.1610
# 13643, T 12899.9, Ltr 0.3094, Lge3 1.3896, Lge10 2.7049
# 13665, T 12920.6, Ltr 0.2601, Lge3 1.8360, Lge10 21.3107
# 13687, T 12941.4, Ltr 0.3172, Lge3 1.3801, Lge10 3.2528
# 13709, T 12961.8, Ltr 0.2578, Lge3 1.4518, Lge10 6.5155
# 13730, T 12982.1, Ltr 0.2013, Lge3 1.3624, Lge10 5.8155
# 13752, T 13002.5, Ltr 0.2372, Lge3 1.3732, Lge10 3.7198
# 13774, T 13022.6, Ltr 0.2279, Lge3 1.3278, Lge10 9.5050
# 13796, T 13042.8, Ltr 0.2742, Lge3 1.3226, Lge10 3.1211
# 13818, T 13063.5, Ltr 0.2358, Lge3 1.5141, Lge10 4.6793
# 13840, T 13083.8, Ltr 0.0367, Lge3 1.5777, Lge10 2.9300
# 13862, T 13104.1, Ltr 0.1715, Lge3 1.7124, Lge10 3.1936
# 13882, T 13124.1, Ltr 0.2750, Lge3 1.2720, Lge10 2.6877
# 13904, T 13144.7, Ltr 0.1546, Lge3 1.3501, Lge10 2.4213
# 13926, T 13165.2, Ltr 0.1588, Lge3 1.6309, Lge10 2.5935
# 13948, T 13185.8, Ltr 0.0509, Lge3 1.4822, Lge10 4.3327
# 13970, T 13206.4, Ltr 0.1876, Lge3 1.6197, Lge10 2.7312
# 13992, T 13227.2, Ltr 0.3549, Lge3 1.6306, Lge10 12.0025
# 14014, T 13247.7, Ltr 0.3186, Lge3 1.7784, Lge10 8.1528
# 14035, T 13268.1, Ltr 0.2416, Lge3 2.4264, Lge10 4.6759
# 14057, T 13288.8, Ltr 0.3417, Lge3 1.2892, Lge10 2.9207
# 14079, T 13309.3, Ltr 0.3689, Lge3 1.4961, Lge10 6.3224
# 14101, T 13329.6, Ltr 0.1583, Lge3 1.5384, Lge10 2.2957
# 14123, T 13349.9, Ltr 0.3641, Lge3 1.2922, Lge10 14.5330
# 14145, T 13370.5, Ltr 0.3502, Lge3 0.9572, Lge10 28.1382
# 14167, T 13390.9, Ltr 0.0692, Lge3 1.3539, Lge10 18.1550
# 14189, T 13411.2, Ltr 0.3035, Lge3 1.0275, Lge10 5.9082
# 14211, T 13431.7, Ltr 0.1751, Lge3 0.9156, Lge10 4.7258
# 14233, T 13452.1, Ltr 0.3217, Lge3 2.0097, Lge10 3.8399
# 14255, T 13472.4, Ltr 0.4331, Lge3 1.0849, Lge10 4.1671
# 14277, T 13492.7, Ltr 0.1254, Lge3 1.2143, Lge10 4.7946
# 14299, T 13513.0, Ltr 0.1132, Lge3 1.4390, Lge10 3.3352
# 14321, T 13533.5, Ltr 0.3417, Lge3 1.1943, Lge10 5.2118
# 14343, T 13554.0, Ltr 0.1030, Lge3 1.6388, Lge10 6.3885
# 14365, T 13574.3, Ltr 0.1563, Lge3 1.4766, Lge10 2.6767
# 14387, T 13594.5, Ltr 0.1894, Lge3 1.2922, Lge10 3.7110
# 14409, T 13615.1, Ltr 0.2051, Lge3 1.7284, Lge10 2.9422
# 14431, T 13635.4, Ltr 0.2033, Lge3 1.4607, Lge10 2.7207
# 14453, T 13655.7, Ltr 0.2585, Lge3 1.5295, Lge10 4.2409
# 14475, T 13676.0, Ltr 0.2644, Lge3 1.3962, Lge10 3.0320
# 14496, T 13696.7, Ltr 0.3087, Lge3 1.4350, Lge10 8.1792
# 14518, T 13717.2, Ltr 0.2441, Lge3 1.7963, Lge10 5.6268
# 14537, T 13737.6, Ltr 0.5275, Lge3 1.4444, Lge10 3.6173
# 14558, T 13757.7, Ltr 0.3304, Lge3 3.4236, Lge10 5.7632
# 14579, T 13777.8, Ltr 0.2464, Lge3 1.5503, Lge10 3.9764
# 14601, T 13798.4, Ltr 0.1899, Lge3 1.3756, Lge10 2.4639
# 14623, T 13819.0, Ltr 0.1778, Lge3 2.1497, Lge10 3.9893
# 14645, T 13839.3, Ltr 0.0589, Lge3 1.3062, Lge10 4.0224
# 14667, T 13859.5, Ltr 0.2629, Lge3 1.6763, Lge10 4.2660
# 14689, T 13879.8, Ltr 0.0822, Lge3 1.4954, Lge10 3.6564
# 14711, T 13900.2, Ltr 0.2408, Lge3 1.4247, Lge10 3.2227
# 14733, T 13921.0, Ltr 0.3409, Lge3 1.2318, Lge10 4.1483
# 14755, T 13941.4, Ltr 0.0850, Lge3 1.3493, Lge10 3.7976
# 14777, T 13961.6, Ltr 0.3027, Lge3 1.5040, Lge10 3.3169
# 14799, T 13982.1, Ltr 0.3443, Lge3 1.3021, Lge10 17.5360
# 14821, T 14003.3, Ltr 0.1896, Lge3 1.1470, Lge10 6.2209
# 14843, T 14023.5, Ltr 0.3978, Lge3 0.6363, Lge10 13.0112
# 14865, T 14043.9, Ltr 0.3013, Lge3 1.3974, Lge10 16.5004
# 14887, T 14064.7, Ltr 0.1378, Lge3 1.5256, Lge10 8.1539
# 14909, T 14085.4, Ltr 0.2362, Lge3 1.2500, Lge10 13.5661
# 14931, T 14105.6, Ltr 0.2957, Lge3 1.9169, Lge10 4.9685
# 14953, T 14126.2, Ltr 0.3926, Lge3 1.4349, Lge10 7.8704
# 14975, T 14146.8, Ltr 0.2352, Lge3 2.0622, Lge10 4.4667
# 14997, T 14167.1, Ltr 0.1341, Lge3 1.5347, Lge10 5.2978
# 15019, T 14187.4, Ltr 0.1434, Lge3 1.8672, Lge10 3.2973
# 15041, T 14207.6, Ltr 0.2623, Lge3 2.0558, Lge10 3.5209
# 15063, T 14227.9, Ltr 0.0552, Lge3 1.5993, Lge10 4.2492
# 15085, T 14248.1, Ltr 0.2378, Lge3 1.4651, Lge10 2.3995
# 15107, T 14268.5, Ltr 0.1807, Lge3 1.5823, Lge10 4.2276
# 15129, T 14289.1, Ltr 0.1854, Lge3 1.5559, Lge10 2.7406
# 15151, T 14309.3, Ltr 0.1060, Lge3 1.6304, Lge10 2.6516
# 15173, T 14329.4, Ltr 0.2568, Lge3 1.4494, Lge10 6.0395
# 15195, T 14349.6, Ltr 0.1361, Lge3 1.5546, Lge10 15.6398
# 15217, T 14370.2, Ltr 0.1795, Lge3 1.5107, Lge10 3.1795
# 15239, T 14390.8, Ltr 0.2301, Lge3 1.3659, Lge10 3.7607
# 15261, T 14411.0, Ltr 0.0845, Lge3 1.4356, Lge10 2.8296
# 15283, T 14431.3, Ltr 0.2413, Lge3 1.6433, Lge10 3.7625
# 15305, T 14452.1, Ltr 0.2304, Lge3 1.6859, Lge10 3.1954
# 15327, T 14472.5, Ltr 0.1521, Lge3 2.2633, Lge10 3.1699
# 15349, T 14492.9, Ltr 0.0512, Lge3 1.4581, Lge10 6.7641
# 15371, T 14513.5, Ltr 0.0615, Lge3 1.4259, Lge10 2.9861
# 15393, T 14533.9, Ltr 0.2527, Lge3 2.6930, Lge10 7.5357
# 15415, T 14554.0, Ltr 0.2755, Lge3 3.1532, Lge10 3.7135
# 15437, T 14574.2, Ltr 0.2238, Lge3 2.0691, Lge10 2.7590
# 15459, T 14594.8, Ltr 0.1316, Lge3 1.5144, Lge10 5.9430
# 15481, T 14615.1, Ltr 0.0360, Lge3 1.4682, Lge10 2.2940
# 15503, T 14635.4, Ltr 0.2388, Lge3 1.4047, Lge10 4.3464
# 15525, T 14655.8, Ltr 0.2089, Lge3 1.3708, Lge10 4.0543
# 15547, T 14676.0, Ltr 0.1029, Lge3 1.7519, Lge10 2.2050
# 15569, T 14696.1, Ltr 0.1496, Lge3 1.5780, Lge10 3.8015
# 15591, T 14716.5, Ltr 0.1551, Lge3 1.6810, Lge10 8.2009
# 15613, T 14737.1, Ltr 0.1885, Lge3 1.3695, Lge10 3.9681
# 15635, T 14757.6, Ltr 0.2157, Lge3 1.8413, Lge10 8.7231
# 15657, T 14777.7, Ltr 0.1314, Lge3 1.4196, Lge10 4.8669
# 15678, T 14798.2, Ltr 0.1480, Lge3 1.4759, Lge10 2.9945
# 15700, T 14818.5, Ltr 0.0351, Lge3 1.3911, Lge10 8.7225
# 15722, T 14839.2, Ltr 0.2516, Lge3 1.5490, Lge10 2.5027
# 15744, T 14859.6, Ltr 0.1671, Lge3 1.8365, Lge10 3.7593
# 15766, T 14880.3, Ltr 0.1744, Lge3 1.9957, Lge10 3.7373
# 15787, T 14900.2, Ltr 0.2417, Lge3 2.6759, Lge10 3.1964
# 15809, T 14920.5, Ltr 0.0526, Lge3 1.6123, Lge10 5.4471
# 15831, T 14941.1, Ltr 0.1668, Lge3 1.5103, Lge10 3.3969